122.43914431641865,67.60372917758392,123.26244617360429,236.27539510879572,0.12400000000000004,0.3628571428571429,2.8741097612065354,1.108260019550342,2.5948196200137703,0.088,0.33599999999999997,2.8181818181818183,0.2,2.125,0.168,2.0,1.6
131.3278409301034,68.38872371053309,117.36227071583312,227.7654129631745,0.11938461538461542,0.392,2.878411910669975,1.0959470636889992,2.631165099281426,0.088,0.36,3.0909090909090913,0.20800000000000002,1.8888888888888888,0.176,1.75,1.8000000000000003
115.50235114584781,59.090094453225944,114.34456849331629,233.50495410701274,0.12533333333333338,0.4000000000000001,2.8813131313131315,1.1405588139459104,2.621776295580784,0.088,0.312,2.545454545454546,0.192,1.6666666666666665,0.168,1.625,1.4
128.76003659121184,71.55661275905692,116.50268801711111,217.14162178242066,0.1261538461538462,0.3889230769230769,2.922926535829762,1.0562824272501692,2.768772653196178,0.096,0.352,2.6666666666666665,0.20800000000000002,1.8888888888888888,0.176,1.75,1.5000000000000002
137.86597317342242,67.24786498931361,107.31145183119175,218.88058644995044,0.1336,0.42560000000000003,2.724437927663734,1.0693059628543502,2.63119495728369,0.088,0.40800000000000003,3.6363636363636367,0.21600000000000003,2.0,0.184,1.875,2.0
145.82058444064083,70.48204246506427,110.84682088279827,211.40803815619392,0.1226666666666667,0.41866666666666674,2.8825350276963184,1.0473688497882045,2.7562858736835096,0.096,0.36,2.75,0.21600000000000003,1.7000000000000002,0.184,1.5555555555555554,1.5000000000000002
147.76844437915202,69.45631627534398,107.30158694422859,224.32276778273368,0.12133333333333336,0.438,2.879195177582275,1.1308243727598566,2.5620651758466884,0.08,0.36800000000000005,3.6000000000000005,0.20800000000000002,2.25,0.176,2.142857142857143,1.8000000000000003
144.1953102896869,64.47046040076964,110.84682088279828,258.5680997588334,0.1166666666666667,0.42466666666666675,2.673264907135875,1.2346448354512871,2.1970435444044485,0.088,0.384,3.3636363636363638,0.168,1.625,0.12,1.1428571428571428,0.0
145.17863335591792,64.61323547479664,109.1357491613246,267.01085280315914,0.11781818181818184,0.43200000000000005,2.728961165911312,1.300675375455434,2.1174346207913715,0.088,0.384,3.3636363636363638,0.168,1.625,0.12000000000000001,1.5000000000000002,0.0
140.9047742320835,77.21877161586441,114.22491273237542,307.2389703993258,0.1288888888888889,0.3964444444444444,2.818399044205496,1.476485282936896,1.917883847356938,0.07200000000000001,0.32,3.444444444444444,0.16799999999999998,2.5,0.136,2.4,0.8
144.1454642550704,79.13093778586884,nan,nan,nan,nan,nan,nan,nan,nan,nan,nan,nan,nan,nan,nan,nan
146.5876694686901,80.92770305017476,116.81068621205098,212.81527908039,0.1267692307692308,0.3870769230769231,2.8702158056996767,1.0251522670877509,2.80540427766694,0.096,0.36,2.75,0.20800000000000002,1.8888888888888888,0.176,1.75,1.5000000000000002
139.31734084323065,70.78557368447127,115.45898971557023,242.6376552885655,0.12800000000000006,0.392,2.733288217159185,1.1476802767125347,2.4152447126684113,0.08,0.42400000000000004,4.3,0.20800000000000002,2.25,0.176,2.142857142857143,2.25
146.38229163977334,71.17713164124831,113.85973507817847,273.00575755319466,0.12727272727272732,0.40072727272727265,2.733848751444059,1.303918954945348,2.1800013188026535,0.088,0.376,3.2727272727272734,0.17600000000000002,1.4444444444444444,0.14400000000000002,1.25,0.6
142.8201608924795,72.06008275694161,112.69312552737182,233.39076228942045,0.12933333333333333,0.4033333333333334,2.7726458129683937,1.1274437927663734,2.502520131973823,0.08,0.384,3.8,0.304,3.75,0.184,2.8333333333333335,1.5000000000000002
129.7787850517503,66.42798181045558,112.5056535504297,242.24737290445577,0.12533333333333338,0.4080000000000001,2.964890843923102,1.2097588791137177,2.4830486251911537,0.088,0.33599999999999997,2.8181818181818183,0.184,1.5555555555555554,0.152,1.375,0.75
118.92412218690836,64.95044765621566,104.31846997301368,205.62001217886151,0.13745454545454547,0.4378181818181819,2.940726917266507,1.060872656180574,2.779134972114343,0.10400000000000001,0.368,2.5384615384615383,0.232,1.6363636363636367,0.2,1.5,1.2857142857142858
112.02826292264159,73.53174622557185,129.91538719224985,308.84677771646335,0.12628571428571433,0.33599999999999997,2.614858260019551,1.3480659125820416,1.9525568385468404,0.088,0.28800000000000003,2.272727272727273,0.176,1.75,0.12000000000000001,1.5000000000000002,0.0
125.88870103291329,79.14489324423239,114.44726341396837,243.69198557518789,0.14399999999999996,0.3803076923076923,2.875479359350327,1.1884728175050756,2.4589296457503727,0.096,0.4,3.1666666666666665,0.248,2.444444444444444,0.192,2.0,2.3333333333333335
112.07953063892573,55.36505867017951,82.53960052323511,89.75685259386606,0.17999999999999997,0.547,0.7469452590420333,0.2624633431085044,2.8521933896069,0.128,0.536,3.1875,0.376,2.6153846153846154,0.28,2.181818181818182,2.166666666666667
112.07960370247959,55.36509476212175,82.53960052323511,89.75685259386606,0.17999999999999997,0.547,0.7469452590420333,0.2624633431085044,2.8521933896069,0.128,0.536,3.1875,0.376,2.6153846153846154,0.28,2.181818181818182,2.166666666666667
137.891224179416,61.55035421677707,92.72746662651812,95.0659540846687,0.1582222222222222,0.48888888888888893,0.723905723905724,0.2580102096231129,2.8077406206003497,0.10400000000000001,0.43200000000000005,3.1538461538461537,0.248,1.8181818181818183,0.2,1.7777777777777777,1.6666666666666667
137.874926906732,60.96365240015268,93.28996718237225,96.1905401366291,0.1528,0.4904,0.7353861192570872,0.262316715542522,2.8053385135591933,0.112,0.392,2.5,0.224,1.5454545454545456,0.184,1.3,1.1428571428571428
142.390753010447,62.91932512223398,92.59823848238483,93.73693283411704,0.1608,0.48719999999999997,0.7307917888563051,0.2557673509286412,2.858882794844923,0.112,0.44,2.928571428571429,0.248,1.8181818181818183,0.20800000000000002,1.6,1.4285714285714286
141.99813689578676,62.45707520610567,93.28985998193316,93.2309825330204,0.15519999999999998,0.4880000000000001,0.7317693059628545,0.25366568914956017,2.8870014341782118,0.10400000000000001,0.42400000000000004,3.0769230769230766,0.248,1.8181818181818183,0.20800000000000002,1.6,1.4285714285714286
136.62003691006316,60.43028711231232,94.82108081791627,96.47057893405731,0.1528,0.4800000000000001,0.7313782991202348,0.2603616813294233,2.812505184849836,0.10400000000000001,0.41600000000000004,2.9999999999999996,0.248,1.8181818181818183,0.2,1.7777777777777777,2.0
137.72825145257593,60.448065955240324,94.34335443037975,97.84591449477185,0.15039999999999998,0.4856,0.7300097751710657,0.26436950146627564,2.7641491546329404,0.10400000000000001,0.41600000000000004,2.9999999999999996,0.23199999999999998,1.9,0.192,1.6666666666666665,1.6666666666666667
132.13828692196017,60.658448929888465,95.07716009839594,97.15633733095234,0.14799999999999996,0.4831999999999999,0.7353861192570872,0.26246334310850433,2.804531813239069,0.10400000000000001,0.40800000000000003,2.923076923076923,0.22400000000000003,1.8000000000000003,0.184,1.5555555555555554,1.3333333333333333
132.6301682429685,59.49156420571329,94.2246835443038,95.55217410801194,0.15119999999999997,0.4856,0.7350928641251223,0.25928641251221896,2.837323697805085,0.10400000000000001,0.40800000000000003,2.923076923076923,0.224,1.5454545454545456,0.192,1.4,1.1428571428571428
133.69689881864923,59.61246033762377,94.70240993184032,97.74816382754545,0.1488,0.4847999999999999,0.7287390029325514,0.26339198435972627,2.7703337622659516,0.10400000000000001,0.40800000000000003,2.923076923076923,0.22400000000000003,1.8000000000000003,0.192,1.6666666666666665,1.5000000000000002
128.92772420321003,57.5323357150464,94.22761368963901,97.22304455361387,0.14639999999999997,0.4904,0.7375366568914957,0.26427174975562073,2.7930747710303647,0.10400000000000001,0.44000000000000006,3.230769230769231,0.24,2.0,0.2,1.7777777777777777,2.1999999999999997
136.13111872954283,59.310220007847576,93.9902719174871,97.3208308463089,0.15439999999999998,0.484,0.7374389051808408,0.2648582600195503,2.7883579876894027,0.112,0.408,2.642857142857143,0.224,1.5454545454545456,0.192,1.4,1.0
131.7308551048599,59.27466232199154,95.29439293991798,97.56095701572642,0.15199999999999997,0.4783999999999999,0.7313782991202348,0.2625610948191593,2.7879602457765236,0.112,0.416,2.714285714285714,0.232,1.6363636363636367,0.192,1.4,1.5000000000000002
129.28626420225825,58.22571058923886,93.9902719174871,97.76661075697582,0.15039999999999998,0.4879999999999999,0.7286412512218965,0.26441837732160317,2.7610450610324007,0.10400000000000001,0.384,2.6923076923076925,0.20800000000000002,1.6,0.168,1.3333333333333333,1.0
129.67739874667453,58.741297034151195,94.70240993184032,98.43560626438537,0.1488,0.4847999999999999,0.7307917888563051,0.2656402737047898,2.7552664038130525,0.10400000000000001,0.392,2.769230769230769,0.21600000000000003,1.7000000000000002,0.184,1.5555555555555554,1.3333333333333333
130.8182078345553,58.759075877079205,94.10601265822785,98.8043293215237,0.15119999999999997,0.4863999999999999,0.7268817204301077,0.26676441837732157,2.729064212000239,0.10400000000000001,0.40800000000000003,2.923076923076923,0.232,1.6363636363636367,0.184,1.5555555555555554,1.5000000000000002
121.21911422367288,56.39448976765363,93.87453117674637,97.6452519950615,0.15439999999999998,0.48480000000000006,0.7216031280547411,0.262952101661779,2.747433073104322,0.10400000000000001,0.41600000000000004,2.9999999999999996,0.224,1.5454545454545456,0.184,1.5555555555555554,1.3333333333333333
122.60290083156983,57.994585631174694,95.67003407984421,97.30647746596074,0.14479999999999998,0.4824,0.7314760508308897,0.26143695014662754,2.801288977085327,0.096,0.36,2.75,0.20800000000000002,1.6,0.168,1.625,1.6
109.71323970876121,53.923230600659984,94.58069620253164,96.20829246636895,0.14719999999999997,0.48719999999999997,0.7217008797653961,0.2581622678396872,2.797893258445471,0.096,0.392,3.083333333333333,0.2,1.7777777777777777,0.168,1.625,1.6
110.7266337556579,53.60321142795576,94.46506815968841,98.3881567359094,0.14719999999999997,0.4879999999999999,0.726490713587488,0.2650537634408602,2.7448494559452286,0.10400000000000001,0.384,2.6923076923076925,0.2,1.5,0.168,1.3333333333333333,1.1666666666666667
114.51352729932442,55.8966821656693,95.32740993184032,98.79185027357669,0.1472,0.4824,0.7419354838709679,0.26783968719452594,2.771642452704314,0.10400000000000001,0.40800000000000003,2.923076923076923,0.20800000000000002,1.6,0.17600000000000002,1.4444444444444444,1.1666666666666667
108.59317260429647,52.255575134012474,92.37240289069558,98.22703146427457,0.1528,0.4968,0.7349951124144674,0.26920821114369503,2.732662425692547,0.10400000000000001,0.42400000000000004,3.0769230769230766,0.21600000000000003,1.7000000000000002,0.176,1.75,1.6
105.88338062801866,53.56765374209976,94.46799830502363,98.34383854168523,0.14799999999999996,0.48719999999999997,0.7250244379276638,0.264711632453568,2.7437245118784634,0.10400000000000001,0.41600000000000004,2.9999999999999996,0.20800000000000002,1.6,0.168,1.625,1.4
111.31037243179428,53.65654795673981,93.11025160181279,99.04482168847258,0.1502222222222222,0.4942222222222223,0.7315086347344413,0.2696861083957858,2.7138508459934214,0.096,0.376,2.916666666666667,0.20800000000000002,1.6,0.168,1.625,1.6
111.38445094399434,55.40420821656338,94.2397909170061,99.83770944779593,0.15199999999999997,0.4847999999999999,0.7350928641251222,0.27082111436950146,2.717069207096987,0.10400000000000001,0.384,2.6923076923076925,0.2,1.7777777777777777,0.168,1.625,1.4
106.74417293978323,53.03428845425938,94.58666919109957,95.11267308044256,0.15119999999999997,0.4832000000000001,0.7303030303030305,0.2566959921798631,2.8475897640348293,0.096,0.41600000000000004,3.3333333333333335,0.22400000000000003,1.8000000000000003,0.192,1.6666666666666665,1.5000000000000002
105.25075013383024,52.35335877011654,93.52144866385373,99.20792951014609,0.1536,0.4880000000000001,0.7169110459433041,0.26676441837732157,2.6886406514508363,0.10400000000000001,0.40800000000000003,2.923076923076923,0.21600000000000003,1.7000000000000002,0.168,1.625,1.6
105.48187509189437,51.571089681284015,86.65494155670578,89.5040113532533,0.17777777777777773,0.5146666666666666,0.7562724014336919,0.2568697729988052,2.949657101224146,0.128,0.52,3.0625,0.328,2.1538461538461537,0.248,1.8181818181818183,1.7142857142857142
108.18425921695217,52.70537986009117,89.66429658248461,104.53345904488766,0.15644444444444444,0.5128888888888888,0.7502986857825569,0.2949386336483111,2.586550560931668,0.10400000000000001,0.46399999999999997,3.4615384615384612,0.2,1.5,0.16,1.222222222222222,0.5
108.16648037402416,52.892057710835296,88.87193006957577,103.42868971753268,0.15555555555555556,0.52,0.6919734984251114,0.2808189421092648,2.4655775379710523,0.112,0.504,3.5,0.232,1.6363636363636367,0.184,1.5555555555555554,1.3333333333333333
108.04202847352809,54.876176581601406,95.33941525430645,96.60113492600696,0.1542857142857143,0.48228571428571426,0.6180701019410696,0.2422845971233068,2.6638120758693513,0.12,0.528,3.4000000000000004,0.352,3.0000000000000004,0.256,2.1999999999999997,2.0
108.85985524821663,52.470699133441414,88.47414934966235,103.8925777569122,0.1582222222222222,0.52,0.7595307917888564,0.2958075377430216,2.57743504818379,0.10400000000000001,0.504,3.846153846153846,0.24,2.0,0.184,1.875,2.0
115.01133490130877,56.6433935686458,91.10505341363735,122.51386374004804,0.14666666666666664,0.512,0.7491039426523298,0.3422939068100359,2.2251934428043523,0.088,0.256,1.9090909090909094,0.168,1.625,0.136,1.4285714285714286,2.5
109.0732013633528,52.35335877011653,88.35743599765489,94.27126487934395,0.1804444444444444,0.4986666666666666,0.7426957749538395,0.2655588139459107,2.8018725114839858,0.136,0.504,2.705882352941176,0.31200000000000006,2.0,0.224,1.3333333333333333,0.875
121.75692422224525,57.28343191405422,91.36248754260785,108.18079873121813,0.14666666666666664,0.5102222222222222,0.7847290105354623,0.30954708374063217,2.5791529350116673,0.088,0.45599999999999996,4.181818181818182,0.184,1.875,0.152,1.7142857142857142,2.0
118.58488232983915,54.133020947210525,88.8215751416846,93.15058849324113,0.17155555555555552,0.504,0.6997936352775064,0.2542630607146736,2.7563918775389933,0.12,0.52,3.3333333333333335,0.352,2.6666666666666665,0.248,2.1,1.6666666666666667
114.08683506905213,54.93484676326386,88.48744864868183,111.57933918090762,0.1582222222222222,0.52,0.7594221787770175,0.31801889866405997,2.385166654481418,0.112,0.48,3.2857142857142856,0.232,1.6363636363636367,0.17600000000000002,1.4444444444444444,1.1666666666666667
113.90904663977203,54.93484676326385,89.28824541864941,113.503960978086,0.15519999999999998,0.5168000000000001,0.6912023460410559,0.3070381231671554,2.2584981661597774,0.10400000000000001,0.52,4.0,0.21600000000000003,1.7000000000000002,0.168,1.625,1.0
118.12263241371083,55.754451422245204,90.85714821258624,115.85941659798931,0.15644444444444444,0.504,0.7821222982513306,0.3302921690018465,2.370344700724436,0.10400000000000001,0.28800000000000003,1.769230769230769,0.184,1.3,0.14400000000000002,1.25,0.0
111.56223937327444,52.54892604232466,86.96459738666917,101.93908943543492,0.16799999999999998,0.522,0.6649560117302054,0.2741324535679374,2.454049995625501,0.12,0.52,3.3333333333333335,0.32799999999999996,2.7272727272727275,0.256,2.1999999999999997,2.4
104.89517327527001,51.38085606195429,89.77548330056403,103.76860771716802,0.1742222222222222,0.4942222222222223,0.7153252959704575,0.28445747800586507,2.523403485737984,0.128,0.504,2.9375,0.32,2.0769230769230766,0.232,1.6363636363636367,1.2857142857142858
111.91781623183466,52.66093275277114,90.0086991403477,104.16505805040623,0.16977777777777775,0.4968888888888888,0.7361789942435105,0.28858477245574016,2.618489346375059,0.112,0.46399999999999997,3.142857142857143,0.224,1.5454545454545456,0.168,1.3333333333333333,0.0
123.95705603458673,56.78562431206989,94.10882327548994,108.77158106051667,0.17155555555555554,0.46755555555555556,0.6765504507439991,0.28179645921581403,2.410513769293979,0.112,0.448,3.0,0.21600000000000003,1.7000000000000002,0.17600000000000002,1.4444444444444444,1.25
125.11688665508521,50.90776767790244,78.43550766413456,174.53722198282208,0.151,0.614,2.9437927663734116,1.0385508308895406,2.835165859517024,0.10400000000000001,0.536,4.153846153846153,0.264,2.3,0.21600000000000003,2.0,1.6666666666666667
141.8121961952219,53.05801835916668,87.33940431758641,186.98196665577674,0.15733333333333333,0.5297777777777779,2.9211469534050183,1.050287824481373,2.784214920541792,0.10400000000000001,0.48,3.615384615384615,0.272,2.4,0.232,2.222222222222222,2.4
112.409274247059,60.911683474670795,110.74147005861515,154.53776951052635,0.16999999999999996,0.37199999999999994,0.6365265558813947,0.35976702508960584,1.7706132716082488,0.112,0.416,2.714285714285714,0.272,2.4,0.2,2.5714285714285716,0.42857142857142855
107.15689607918351,59.284821660807566,112.94668164729624,121.59190664943122,0.1573333333333333,0.37399999999999994,0.679048550016292,0.28979309221244703,2.349617968482972,0.112,0.4,2.5714285714285716,0.28,2.5,0.232,2.222222222222222,2.1999999999999997
130.79259783462328,66.55304709605919,112.65530635592096,109.52769054416848,0.15466666666666665,0.37799999999999995,0.7258879113717825,0.2701205604431411,2.6903554626062456,0.10400000000000001,0.368,2.5384615384615383,0.21600000000000003,1.7000000000000002,0.17600000000000002,1.4444444444444444,1.4
119.50557241003973,65.68051618928445,111.69087716497727,109.97469367566224,0.14892307692307688,0.3883076923076923,0.7139634558989398,0.2700954959019475,2.645339578615293,0.10400000000000001,0.40800000000000003,2.923076923076923,0.24,2.0,0.184,1.875,1.4
120.31900331697138,66.1318252789955,111.81143081384522,109.21824162029516,0.14666666666666664,0.38999999999999996,0.7230368198110134,0.2697947214076246,2.6818901417024414,0.096,0.344,2.5833333333333335,0.21600000000000003,1.7000000000000002,0.168,1.625,1.4
122.10382331223347,66.79374527723843,111.53291031473647,108.02406996553835,0.14999999999999997,0.38799999999999996,0.7160312805474097,0.2658439231019876,2.6952410745019235,0.10400000000000001,0.376,2.6153846153846154,0.23199999999999998,1.9,0.184,1.5555555555555554,1.6
119.64526331875983,65.36459982648671,111.674068335375,108.42286913674445,0.1473333333333333,0.38999999999999996,0.7170087976539591,0.2668621700879765,2.689785472145058,0.10400000000000001,0.392,2.769230769230769,0.23199999999999998,1.9,0.176,1.75,1.4
104.41895426826966,60.216940997176174,108.02005539132334,114.62636065128054,0.153,0.4039999999999999,0.6856060606060607,0.28091397849462363,2.448415273721752,0.112,0.392,2.5,0.24,1.7272727272727273,0.17600000000000002,1.4444444444444444,1.0
118.13660150458284,65.92121437046367,111.67009205310347,108.05055187539402,0.1473333333333333,0.38999999999999996,0.7267025089605736,0.26775822743564676,2.717133979548873,0.096,0.384,3.0000000000000004,0.23199999999999998,1.9,0.176,1.75,1.4
120.53928513456843,64.29650164750383,110.70963914443128,109.41875072190301,0.14533333333333331,0.39666666666666667,0.7097588791137178,0.26910231345715213,2.638280997975772,0.096,0.36,2.75,0.21600000000000003,1.7000000000000002,0.168,1.625,1.2
121.88031785828132,64.95842164574674,110.57245740606429,110.20116272717678,0.14333333333333328,0.3993333333333333,0.7245030954708375,0.27398989898989895,2.6467344627177396,0.10400000000000001,0.384,2.6923076923076925,0.21600000000000003,1.7000000000000002,0.168,1.3333333333333333,1.2
121.46124513212105,64.62746164662528,110.80797566368432,109.45597120943549,0.14399999999999996,0.39753846153846156,0.7266711782840816,0.2722761109857884,2.6707945205009045,0.096,0.4,3.1666666666666665,0.232,2.222222222222222,0.184,1.875,2.25
123.71026876251456,65.74069073457926,110.84682088279828,108.17808739518166,0.14799999999999996,0.3933333333333333,0.7176604757249919,0.2673509286412512,2.6850799413462165,0.10400000000000001,0.4,2.846153846153846,0.24,2.0,0.192,1.6666666666666665,1.6
121.86634876740932,64.6725925555964,110.84284460052676,108.26481608654268,0.1453333333333333,0.39599999999999996,0.7144835451287066,0.26698435972629525,2.6770099695330054,0.10400000000000001,0.4,2.846153846153846,0.232,2.222222222222222,0.192,2.0,2.0
123.51470149030642,66.6884398229725,110.44322823224032,110.72160576851162,0.14266666666666666,0.4006666666666667,0.7181492342782666,0.27423427826653635,2.619896322589159,0.10400000000000001,0.384,2.6923076923076925,0.21600000000000003,1.7000000000000002,0.17600000000000002,1.4444444444444444,1.1666666666666667
106.8495760799993,64.1310216479431,108.5875388990814,113.04749394558497,0.1447272727272727,0.40800000000000003,0.6930596285434997,0.2774815604727628,2.4997949082762503,0.096,0.384,3.0000000000000004,0.248,2.444444444444444,0.2,2.125,1.8000000000000003
165.138983452344,96.74633669820693,92.89003580885142,196.96241467087452,0.15439999999999998,0.492,3.0593352883675466,1.0968230694037147,2.8074615066432345,0.112,0.416,2.714285714285714,0.24,2.0,0.192,1.6666666666666665,1.3333333333333333
165.13909099967444,96.74639970459114,92.89003580885142,196.96241467087452,0.15439999999999998,0.492,3.0593352883675466,1.0968230694037147,2.8074615066432345,0.112,0.416,2.714285714285714,0.24,2.0,0.192,1.6666666666666665,1.3333333333333333
110.50656970322171,94.9528459477994,90.88341607473248,212.20322503720635,0.16266666666666665,0.4977777777777778,2.840447485608776,1.1521125230802651,2.46567931209069,0.112,0.448,3.0,0.272,2.090909090909091,0.21600000000000003,2.0,1.6666666666666667
197.25574552637286,80.85319495486483,84.7000777502521,177.25526900439974,0.19022222222222218,0.5182222222222221,2.9637232540458345,1.018301292494841,2.9104726442506847,0.136,0.456,2.3529411764705883,0.312,1.7857142857142858,0.248,1.5833333333333333,1.222222222222222
152.96996576028292,58.76488456238668,81.65231676467343,182.66316538328945,0.2488888888888889,0.48711111111111116,2.971869229933746,1.0725534919083306,2.817160508855526,0.184,0.52,1.8260869565217392,0.35200000000000004,1.4444444444444444,0.28800000000000003,1.4000000000000001,1.375
153.75447736903533,77.3493975904118,75.88133261043335,169.28977441945037,0.24571428571428572,0.5451428571428572,2.830749895266024,1.0037704231252618,2.8226232776775073,0.2,0.5840000000000001,1.92,0.432,1.4545454545454546,0.352,1.2,0.9285714285714286
152.2957683463161,76.24882855671022,75.45694143181969,175.34692276127322,0.24,0.5554285714285715,2.794023181119955,1.0370060047479404,2.7015218415468714,0.192,0.5760000000000001,2.0,0.40800000000000003,1.4285714285714284,0.33599999999999997,1.2105263157894737,0.9285714285714286
156.4260217688191,77.4080608323418,83.42128825214206,192.95033495926617,0.248,0.474,2.5755131964809386,1.0450879765395895,2.503675300222109,0.192,0.47200000000000003,1.4583333333333335,0.32,1.0,0.272,0.8888888888888888,0.846153846153846
122.37878370484123,56.38557888998952,97.8956898364793,257.06318281417583,0.158,0.455,2.593841642228739,1.2788978494623655,2.024064982102179,0.096,0.44000000000000006,3.5833333333333335,0.256,3.0,0.20800000000000002,3.3333333333333335,2.0
110.88664334200999,54.535330764324385,67.54012160343582,86.70498940074697,0.17466666666666666,0.7173333333333334,0.7396546106223526,0.2789996741609645,2.6637916537573214,0.112,0.5760000000000001,4.142857142857143,0.256,1.9090909090909094,0.20800000000000002,1.6,1.6
140.4173014454377,63.36379619543428,nan,nan,nan,nan,nan,nan,nan,nan,nan,nan,nan,nan,nan,nan,nan
110.42217107051567,51.90914168038664,nan,nan,nan,nan,nan,nan,nan,nan,nan,nan,nan,nan,nan,nan,nan
142.0821692098288,57.539938391002224,77.2267577870618,178.224822839914,0.1897142857142857,0.5885714285714286,2.9544756318949865,1.0708699902248289,2.759560943931929,0.136,0.47200000000000003,2.4705882352941178,0.264,1.357142857142857,0.224,1.1538461538461537,1.0
141.8530476278861,57.549209078273776,77.33903806367907,178.6877687244425,0.18799999999999997,0.589,2.9600439882697946,1.0738636363636362,2.757026540226152,0.136,0.47200000000000003,2.4705882352941178,0.264,1.357142857142857,0.224,1.1538461538461537,1.0
182.93745186820559,73.05856896543303,71.35448168479262,162.71722228980732,0.18857142857142856,0.6525714285714287,2.9613182516408325,1.0182237117720987,2.908854474519217,0.128,0.47200000000000003,2.6875,0.31200000000000006,2.0,0.256,1.6666666666666667,1.4444444444444444
105.97185806335648,67.01879906375896,72.619357675856,174.46359803614047,0.22742857142857145,0.5988571428571429,3.0287669319927386,1.0946795140343526,2.774219130228633,0.168,0.6,2.571428571428571,0.448,2.5,0.368,2.2857142857142856,1.4444444444444444
140.51702410747257,85.5308274378557,72.23081973677127,163.25186589828326,0.22742857142857145,0.6034285714285714,3.038402457757296,1.0282781734394637,2.9562361015045453,0.16,0.592,2.6999999999999997,0.432,2.176470588235294,0.352,1.9333333333333336,1.3
110.93877211436178,70.71098750245137,72.92143892657884,166.2040402717051,0.22628571428571428,0.5965714285714286,2.9683005166876133,1.0298142717497556,2.883397235565719,0.168,0.6,2.571428571428571,0.42400000000000004,2.1176470588235294,0.344,1.8666666666666667,1.2
122.70623579084119,96.71971419291978,73.12956175748864,169.67086972165947,0.22971428571428573,0.5908571428571429,2.8568635665409863,1.0296746264488201,2.7759291185529724,0.168,0.6,2.571428571428571,0.432,2.176470588235294,0.352,1.9333333333333336,1.5555555555555554
124.75598299573919,80.32005913392891,103.68451161512088,227.8809936156795,0.16145454545454543,0.4174545454545455,2.777481560472763,1.145783346663112,2.425172841708265,0.112,0.424,2.7857142857142856,0.272,2.4,0.20800000000000002,2.25,5.0
117.68799062493778,66.90014148508872,104.78816582906877,238.70120793725218,0.16799999999999995,0.40466666666666673,2.922694688823721,1.2248289345063539,2.3899046978430407,0.12,0.392,2.266666666666667,0.248,1.8181818181818183,0.192,1.6666666666666665,1.75
139.39130477255742,112.04837520087139,123.90411346981944,283.53983721687837,0.15066666666666664,0.33533333333333326,2.683121537960248,1.2817285760834147,2.100314180912445,0.10400000000000001,0.31200000000000006,2.0,0.2,1.5,0.16,1.5,1.25
99.36666958251168,77.10707915364713,89.64710382144828,184.7710982762272,0.13333333333333336,0.536,2.921364179428696,1.024546540675573,2.8521764322820653,0.088,0.40800000000000003,3.6363636363636367,0.232,2.222222222222222,0.192,2.0,2.1999999999999997
99.82402801342592,78.14168608959874,96.44320683926527,205.12203889704122,0.14,0.485,2.986070381231672,1.1087487781036167,2.7049901867796216,0.088,0.344,2.909090909090909,0.20800000000000002,2.25,0.176,2.142857142857143,1.8000000000000003
104.20889646515218,96.19624317792177,99.51159796961227,189.06757289822298,0.12400000000000003,0.47919999999999996,2.8608993157380254,0.9848973607038122,2.909024608078797,0.08,0.32,3.0,0.2,2.125,0.176,2.142857142857143,2.0
137.34351570093733,104.37287310092378,107.15478642606627,212.3188290617223,0.1294545454545455,0.4305454545454546,2.9386830178619032,1.0802008353328,2.7297161599178144,0.088,0.376,3.2727272727272734,0.224,2.1111111111111107,0.184,2.2857142857142856,2.1999999999999997
75.03431298325135,60.49070958001126,nan,nan,nan,nan,nan,nan,nan,nan,nan,nan,nan,nan,nan,nan,nan
143.4728957404833,62.1150474032032,86.02766438590149,188.2008756946782,0.19288888888888886,0.5048888888888889,2.8274139241881175,1.0481155642445963,2.7004360004169716,0.08,0.41600000000000004,4.2,0.224,2.5,0.192,2.428571428571429,2.75
173.9949624904288,63.917332411157545,90.66386241706367,187.29114747736006,0.13066666666666668,0.5315555555555557,2.9269034430324754,1.0337786466818726,2.8332057390408365,0.088,0.312,2.545454545454546,0.2,2.125,0.176,2.142857142857143,1.6
141.8284870260417,55.511714314487875,93.662465639358,188.06495131271376,0.12888888888888891,0.5137777777777779,2.922124470511567,1.0202563267079394,2.865834924841428,0.08,0.272,2.4,0.192,2.428571428571429,0.16,2.3333333333333335,2.0
143.95771216843715,59.53113613229316,97.64444678482087,196.35487747601638,0.11822222222222223,0.4977777777777778,2.9467796241989794,1.04778972520908,2.8142337357359346,0.08,0.256,2.1999999999999997,0.184,1.875,0.152,1.7142857142857142,1.75
91.51882245130524,62.21406772368269,51.36986301369863,171.8808754152772,0.416,0.752,3.0620723362658846,1.2883675464320625,2.3767071320182094,0.08,1.024,11.8,0.8640000000000001,12.5,0.44,8.166666666666666,2.6666666666666665
110.96973456485601,58.972595349242006,95.05431770532249,252.66387732925477,0.13040000000000002,0.5040000000000001,2.7287390029325507,1.315151515151515,2.0771806636737535,0.088,0.352,3.0000000000000004,0.20800000000000002,2.25,0.16,2.3333333333333335,0.0
78.1715000233754,61.48984286851656,103.86343233638796,235.69839118311484,0.11699999999999999,0.46099999999999997,2.87866568914956,1.20680596285435,2.4359426789478333,0.07200000000000001,0.4,4.555555555555555,0.21600000000000003,3.5,0.17600000000000002,3.4000000000000004,1.2
106.02833934929885,52.30315492950242,95.24232006156967,225.57811039891735,0.168,0.46499999999999997,2.8165933528836753,1.1920821114369502,2.374953182515406,0.10400000000000001,0.272,1.6153846153846154,0.2,1.5,0.16,1.5,1.0
111.47351766597323,61.66756026329226,109.80739341724666,227.634201977844,0.17999999999999997,0.37800000000000006,2.7736233300749427,1.112047898338221,2.512250636760831,0.10400000000000001,0.31200000000000006,2.0,0.21600000000000003,1.7000000000000002,0.192,1.6666666666666665,2.0
77.83889493237766,54.65655268080867,167.95701771679583,322.9322054253462,0.10700000000000004,0.2510000000000001,2.622556207233627,1.2387585532746825,2.136980394593834,0.07200000000000001,0.24000000000000002,2.333333333333333,0.136,1.8333333333333333,0.11200000000000002,1.8000000000000003,2.5
103.93676502706315,54.95713178402339,110.47850839016711,242.33035267693108,0.15066666666666664,0.39799999999999996,2.692896709025742,1.160679374389052,2.3304804933215295,0.10400000000000001,0.36,2.4615384615384612,0.24,1.7272727272727273,0.192,1.6666666666666665,1.3333333333333333
99.95597052886305,54.76926984451419,108.69388393995406,224.90295392250925,0.14109090909090904,0.4181818181818182,2.8118723895849995,1.1120590064871592,2.53855422382483,0.096,0.344,2.5833333333333335,0.23199999999999998,1.9,0.192,1.6666666666666665,1.6666666666666667
98.67555722400814,54.55886447226388,111.49716782954087,234.88095880181243,0.1389090909090909,0.4050909090909091,2.7926775082200304,1.1424064693859413,2.453216428207053,0.10400000000000001,0.368,2.5384615384615383,0.23199999999999998,1.9,0.184,1.5555555555555554,1.4
115.45525147387085,70.41691699270108,129.81866174128126,291.57297775536216,0.12581818181818186,0.34545454545454546,2.730383008975384,1.3053852306051719,2.113603922748767,0.088,0.28,2.181818181818182,0.176,1.75,0.128,1.6666666666666667,0.0
99.76186278980653,56.26352371137042,82.76853825217283,189.23791956956296,0.206,0.519,2.8048631476050834,1.071419843597263,2.6361590245276663,0.152,0.544,2.5789473684210527,0.376,2.1333333333333333,0.30400000000000005,1.923076923076923,2.166666666666667
147.02685937293938,112.72133841529103,nan,nan,nan,nan,nan,nan,nan,nan,nan,nan,nan,nan,nan,nan,nan
196.36395728532344,73.27560711811131,65.60954901604646,158.16351415890531,0.2853333333333334,0.6306666666666666,2.957966764418378,1.0313620071684586,2.8690337615688346,0.12,0.48,3.0,0.312,2.25,0.264,2.0,1.875
164.70772142700218,61.95513880606744,65.29239784967538,175.74183391165232,0.362,0.5599999999999999,2.974095796676442,1.1504154447702835,2.6004832025455906,0.136,0.496,2.6470588235294117,0.32,1.8571428571428572,0.264,1.75,1.4444444444444444
136.76564198761827,56.993899244587894,124.45775032317486,236.78568239334072,0.13046153846153852,0.3532307692307692,2.8163019775923006,1.0976013234077748,2.581714004819212,0.088,0.264,2.0,0.192,1.6666666666666665,0.168,1.625,1.8000000000000003
169.2917377858145,58.128586638210955,65.66609600441163,155.64240690880487,0.34933333333333333,0.5653333333333334,2.985663082437276,1.0196318018898667,2.9287952876589536,0.112,0.46399999999999997,3.142857142857143,0.29600000000000004,2.363636363636364,0.248,2.1,2.142857142857143
166.09489688427718,62.01096784006219,73.56699044540021,165.67508523072743,0.2857142857142857,0.5314285714285715,2.9265465717078625,1.0158497416561934,2.886056862465696,0.096,0.45599999999999996,3.75,0.264,2.6666666666666665,0.232,2.625,2.6
156.84940766903824,61.025660834695366,64.19814762895442,157.4229141172609,0.35600000000000004,0.58,2.9231019876181166,1.0320136852394917,2.8381823448278714,0.10400000000000001,0.46399999999999997,3.4615384615384612,0.28800000000000003,2.6,0.248,2.444444444444444,2.3333333333333335
138.709962573887,56.993899244587894,119.86803519061584,212.3432563479837,0.17600000000000002,0.3253333333333333,2.911371782339524,1.0167807103290973,2.8633138330638963,0.096,0.248,1.5833333333333333,0.20800000000000002,1.8888888888888888,0.176,1.75,1.6
149.49808189545908,64.57231338617275,72.30951437565952,175.21474588838663,0.2752,0.5616000000000001,2.8576735092864127,1.0695992179863147,2.6680275651900787,0.096,0.608,5.333333333333333,0.376,4.222222222222221,0.32,4.0,5.5
151.4045679617393,61.08601654712212,66.68879682313694,167.25326041149847,0.35466666666666663,0.5493333333333333,2.851906158357771,1.062316715542522,2.6825239831754506,0.10400000000000001,0.45599999999999996,3.384615384615384,0.23199999999999998,1.9,0.2,1.7777777777777777,1.3333333333333333
128.81227580709444,101.47236614853195,103.14642954040984,97.50692450632354,0.15999999999999998,0.42181818181818187,0.7416688882964544,0.25393228472407353,2.922999835244224,0.112,0.44,2.928571428571429,0.256,1.9090909090909094,0.20800000000000002,1.6,1.2857142857142858
113.84715025906735,82.06513693560325,122.36099758171298,141.73190631589208,0.12307692307692311,0.36738461538461537,0.663358147229115,0.3202872396420784,2.073966537486611,0.07200000000000001,0.184,1.5555555555555554,0.128,1.6666666666666667,0.10400000000000001,1.6,2.0
184.68332790652016,125.87993250664346,97.10938304133305,271.52706466495744,0.1912727272727273,0.42836363636363645,2.93406202790367,1.455167510885986,2.0983946569646297,0.10400000000000001,0.384,2.6923076923076925,0.176,2.142857142857143,0.12,1.1428571428571428,0.0
181.06916487978654,125.62703618859686,99.91792700986026,270.8416737066359,0.1902222222222222,0.4142222222222222,2.8662973824264144,1.4104485717388944,2.139312311521385,0.12,0.432,2.6,0.28800000000000003,2.272727272727273,0.20800000000000002,1.8888888888888888,0.0
103.31749156218099,53.94482430426807,59.89600186764255,167.65934959334638,0.31733333333333336,0.6866666666666666,2.8698273053111762,1.1278103616813295,2.547041556216157,0.176,0.608,2.4545454545454546,0.43200000000000005,1.842105263157895,0.34400000000000003,1.5294117647058825,0.6666666666666666
115.80326571681167,59.05252206532411,nan,nan,nan,nan,nan,nan,nan,nan,nan,nan,nan,nan,nan,nan,nan
175.2980627144661,77.03196159684897,70.95693524024439,191.52184089877974,0.2613333333333333,0.5946666666666667,2.8851417399804498,1.1851580319322255,2.4408155099884272,0.16,0.56,2.5,0.392,2.266666666666667,0.32,2.0769230769230766,1.6666666666666667
146.48821002162816,66.60096443287445,nan,nan,nan,nan,nan,nan,nan,nan,nan,nan,nan,nan,nan,nan,nan
180.02209705118662,74.18714418849228,70.27503796355089,170.27548910134215,0.25257142857142856,0.6068571428571429,2.8300516687613464,1.0485267420751292,2.749596816656129,0.136,0.56,3.117647058823529,0.4,2.5714285714285716,0.368,2.5384615384615383,2.142857142857143
138.87342160431237,62.12963994115268,80.82284278536521,193.50018726508577,0.2274285714285714,0.5325714285714286,2.9033654517525487,1.1282642089093702,2.5963569867857825,0.16,0.504,2.15,0.304,1.5333333333333334,0.21600000000000003,1.0769230769230769,0.2857142857142857
160.31270616262205,69.66139346232072,75.34002661682898,209.8905630884314,0.1817142857142857,0.616,2.711492808267001,1.2223153190895124,2.222442298707764,0.128,0.488,2.8125,0.30400000000000005,2.166666666666667,0.2,1.5,1.6
106.6009682826854,60.36245258336797,76.99812091551239,181.3265198933186,0.16114285714285717,0.6182857142857143,2.8824186566122054,1.0775031420192709,2.6776887075502254,0.10400000000000001,0.552,4.3076923076923075,0.264,2.6666666666666665,0.216,2.375,2.0
86.96001224828932,52.982021514787995,nan,nan,nan,nan,nan,nan,nan,nan,nan,nan,nan,nan,nan,nan,nan
88.71040220071352,74.55542226581275,97.06789031935905,224.22786358443545,0.14327272727272725,0.47490909090909095,2.8323113836310316,1.1768417310939305,2.4305032791848222,0.096,0.264,1.75,0.20800000000000002,1.6,0.168,1.625,1.6
98.79268384955776,89.08747758062184,104.2612116890063,207.71804010045054,0.1301818181818182,0.4458181818181819,2.916733315560295,1.067404247756154,2.733381213360832,0.088,0.24,1.7272727272727273,0.176,1.75,0.152,1.7142857142857142,1.4
135.2000844023648,98.38150650406186,109.38395427201664,231.40402557372101,0.1297777777777778,0.4195555555555555,2.619420006516781,1.1001955034213098,2.3988478945583074,0.096,0.44799999999999995,3.6666666666666665,0.184,1.5555555555555554,0.16,1.5,1.1666666666666667
113.23337679277263,57.6923076923453,109.8640280273135,67.72335994445632,0.16914285714285712,0.38628571428571423,0.6617790811339199,0.17134478424801006,inf,0.088,0.36,3.0909090909090913,0.128,1.6666666666666667,0.048,1.0,0.0
113.23345060850757,57.6923453013985,109.8640280273135,67.72335994445632,0.16914285714285712,0.38628571428571423,0.6617790811339199,0.17134478424801006,inf,0.088,0.36,3.0909090909090913,0.128,1.6666666666666667,0.048,1.0,0.0
114.52093515054442,63.754930739850536,98.2524979772145,101.95210881315887,0.1803636363636363,0.4305454545454546,0.7064782724606773,0.2657513551941704,2.6657499587926736,0.112,0.408,2.642857142857143,0.248,2.1,0.2,1.7777777777777777,2.0
148.78200206227123,58.87174136876678,99.9693413551566,255.505106157397,0.172,0.429,3.1995356793743888,1.4061583577712609,2.289821852000218,0.12,0.4,2.3333333333333335,0.216,1.4545454545454546,0.176,1.2,0.0
148.14627787999962,55.28658761744552,102.99130910202265,251.14974427156383,0.16072727272727272,0.4225454545454546,2.6028614591664447,1.2280280814005153,2.1258724822027726,0.096,0.376,2.916666666666667,0.23199999999999998,1.9,0.176,1.75,0.75
128.2107640578079,54.398069824976645,97.9195463284734,275.5441600036708,0.15418181818181817,0.45890909090909093,2.4191771083266684,1.3272905003110282,1.824768762212186,0.096,0.29600000000000004,2.0833333333333335,0.168,1.625,0.10400000000000001,1.6,0.0
150.89657398769944,57.39176645507421,103.78480931249597,281.8558759064676,0.16145454545454543,0.4167272727272728,2.6075713143161825,1.370790011552475,1.896544368997211,0.10400000000000001,0.392,2.769230769230769,0.2,1.7777777777777777,0.136,1.8333333333333333,0.0
115.24100347103968,68.91360400565071,nan,nan,nan,nan,nan,nan,nan,nan,nan,nan,nan,nan,nan,nan,nan
117.0365793496896,62.20645565548439,nan,nan,nan,nan,nan,nan,nan,nan,nan,nan,nan,nan,nan,nan,nan
128.66079777618222,61.25661227061588,69.05960113188071,178.4817545576868,0.48457142857142854,0.3851428571428571,2.9326909649490296,1.1296606619187262,2.608038980338591,0.34400000000000003,0.5760000000000001,0.6744186046511628,0.28,1.9166666666666665,0.24,2.0,2.166666666666667
138.98101429666934,71.47520591860294,nan,nan,nan,nan,nan,nan,nan,nan,nan,nan,nan,nan,nan,nan,nan
129.74079519287181,71.6787230197379,78.61738522254564,183.94216447032568,0.15085714285714286,0.6228571428571429,2.887864823348695,1.0870688451333612,2.6739905119132716,0.096,0.312,2.25,0.24000000000000002,2.333333333333333,0.20800000000000002,2.25,1.1666666666666667
160.45288253481365,85.36822255177383,108.07493009535096,246.53539295666616,0.15999999999999998,0.39599999999999996,2.8613880742913005,1.237781036168133,2.374851780452358,0.10400000000000001,0.336,2.230769230769231,0.23199999999999998,1.9,0.192,2.0,0.5
154.399469878655,80.58525757186939,124.6663944918875,321.1993119531331,0.14400000000000002,0.34327272727272723,2.883231138363103,1.5026659557451347,1.951338687921416,0.10400000000000001,0.28,1.692307692307692,0.2,1.5,0.14400000000000002,1.25,0.0
127.41961481539374,63.29653201432544,74.9524218823577,209.79574320260753,0.4192,0.38239999999999996,2.9939393939393937,1.2869990224828933,2.3555598639758735,0.248,0.472,0.9032258064516129,0.28,1.3333333333333335,0.232,1.4166666666666667,0.375
127.55027279432237,64.71843816092179,nan,nan,nan,nan,nan,nan,nan,nan,nan,nan,nan,nan,nan,nan,nan
151.38741678185735,72.45045986724173,nan,nan,nan,nan,nan,nan,nan,nan,nan,nan,nan,nan,nan,nan,nan
132.59342656044703,64.22999711819784,nan,nan,nan,nan,nan,nan,nan,nan,nan,nan,nan,nan,nan,nan,nan
160.501726639086,80.07051585761418,113.24154511289014,159.62207836468673,0.192,0.3626666666666667,2.7396546106223525,0.7816335396980558,inf,0.112,0.424,2.7857142857142856,0.32,2.6363636363636367,0.272,2.4,2.5
145.06698968900957,71.53829621995479,70.38161165865273,194.9931388619785,0.37599999999999995,0.48,2.8202764976958528,1.181329423264907,2.504508024533582,0.112,0.248,1.2142857142857144,0.112,0.0,0.112,0.0,0.0
176.81121709294987,85.35507221600817,87.13245721839363,197.296925735397,0.19299999999999998,0.498,2.502199413489736,1.0221163245356792,2.4316235323498514,0.112,0.44,2.928571428571429,0.272,2.4,0.232,2.625,1.25
143.7900652487456,68.5771223984409,62.93605991102214,153.44797937472578,0.45371428571428574,0.5005714285714286,2.9832425638877256,1.0262533165758974,2.9089013216376935,0.14400000000000002,0.48000000000000004,2.333333333333333,0.32,1.8571428571428572,0.28800000000000003,1.769230769230769,1.8888888888888888
156.68578099280526,69.46242178837804,nan,nan,nan,nan,nan,nan,nan,nan,nan,nan,nan,nan,nan,nan,nan
138.66143430014424,59.81774636559161,nan,nan,nan,nan,nan,nan,nan,nan,nan,nan,nan,nan,nan,nan,nan
157.77256231286606,71.32634769605849,63.95404271548437,153.60321446481944,0.504,0.4346666666666667,2.927826653633106,1.0099380905832518,2.9024625829518165,0.152,0.472,2.1052631578947367,0.34400000000000003,2.0714285714285716,0.30400000000000005,2.166666666666667,2.25
162.0097883584962,74.98965551648803,nan,nan,nan,nan,nan,nan,nan,nan,nan,nan,nan,nan,nan,nan,nan
162.6508672270714,74.27094941076567,62.67224917051235,151.64693652661055,0.4053333333333333,0.5573333333333333,2.996415770609319,1.0194688823721083,2.939921540460223,0.12,0.48,3.0,0.33599999999999997,2.5,0.296,2.6999999999999997,3.0
162.13451526762034,72.33811842741522,61.50761931235226,150.50149803275812,0.47733333333333333,0.49866666666666665,2.9222873900293256,1.0081459758879114,2.9178100211972637,0.152,0.496,2.2631578947368425,0.344,1.6875,0.312,1.6,1.7272727272727273
136.69022580629405,63.74155607547392,nan,nan,nan,nan,nan,nan,nan,nan,nan,nan,nan,nan,nan,nan,nan
162.74157770643438,70.170191645479,109.42995685132091,208.4848012206021,0.30599999999999994,0.24266666666666672,2.904692082111437,1.043295861844249,2.785861848967496,0.10400000000000001,0.28,1.692307692307692,0.20800000000000002,1.8888888888888888,0.168,2.0,1.6
170.58991279073047,99.46538249254473,106.4961195745904,229.1970398683345,0.17371428571428568,0.3897142857142857,2.8116184890378437,1.1439743052646278,2.464741725045078,0.12,0.432,2.6,0.28800000000000003,2.0,0.224,1.5454545454545456,1.2857142857142858
165.71990511218675,83.63442763368522,92.74001878859666,241.27348184719145,0.1911111111111111,0.456,2.729336374497665,1.2717497556207236,2.1519360573240567,0.128,0.48,2.75,0.29600000000000004,2.0833333333333335,0.23199999999999998,1.9,2.5
191.96202600132014,122.73558511386547,113.18828260547946,263.8236629198003,0.15919999999999998,0.3776,2.736461388074291,1.2498533724340173,2.2806755025533847,0.128,0.44,2.4375,0.256,1.4615384615384615,0.208,1.3636363636363638,1.1666666666666667
182.0838940049931,96.57856484158864,91.36138048127471,207.32060639421826,0.2032,0.45360000000000006,2.838318670576735,1.125464320625611,2.565610687658487,0.168,0.472,1.8095238095238093,0.32,1.352941176470588,0.256,1.0,0.9090909090909092
131.44297346160263,60.49905899954501,113.25299270190203,293.45226713874627,0.11261538461538464,0.41723076923076935,2.644183773216031,1.3772840063162641,1.9227942325685978,0.064,0.36,4.625,0.136,1.8333333333333333,0.096,2.0,0.0
91.81940155451997,58.22624263471611,120.96774193548387,174.72540897856345,0.112,0.384,2.118279569892473,0.7101661779081134,2.982794218857536,0.08,0.20800000000000002,1.6,0.152,1.375,0.128,1.2857142857142858,1.0
93.67547751687097,55.42991766512157,104.03603125602933,199.32701781993157,0.13600000000000004,0.4408,2.7608993157380253,1.0004398826979473,2.7825240727598755,0.096,0.43200000000000005,3.5,0.192,1.6666666666666665,0.168,1.625,1.6
112.22496542401002,58.15704682033021,107.16093055920061,216.59688966289767,0.15799999999999997,0.4020000000000001,2.8698273053111762,1.0887504072987946,2.639356489176483,0.112,0.352,2.142857142857143,0.208,1.3636363636363638,0.176,1.2,1.0
115.03162280027757,62.22331850100701,102.75129581636432,202.8877847246915,0.13680000000000003,0.44720000000000004,2.9499511241446728,1.055962854349951,2.79401137047899,0.096,0.42400000000000004,3.4166666666666665,0.2,1.7777777777777777,0.176,1.75,1.3333333333333333
110.59432378907013,62.73211125384444,104.82246036880248,238.56695871047052,0.1386666666666667,0.4340000000000001,2.6652003910068425,1.163245356793744,2.3484938476091433,0.088,0.44799999999999995,4.090909090909091,0.20800000000000002,2.25,0.168,2.0,1.8000000000000003
114.23747914689778,52.849320822730085,93.17966309683177,201.00175987948958,0.13920000000000005,0.5048,2.892766373411535,1.087927663734115,2.682102272357814,0.096,0.496,4.166666666666667,0.384,3.8,0.20800000000000002,1.8888888888888888,1.6666666666666667
123.0269568041572,63.93634296849626,64.94634862804169,161.03866466375905,0.19519999999999998,0.7424000000000001,2.849071358748778,1.0380254154447701,2.752581244068186,0.112,0.496,3.4285714285714284,0.36,2.75,0.248,2.1,1.7142857142857142
148.79062588529507,63.971508675368305,61.416691862309044,155.9243143410533,0.19866666666666666,0.7840000000000001,2.9993483219289665,1.0594656239817528,2.8331932673565867,0.128,0.616,3.8125,0.4,2.846153846153846,0.32,2.6363636363636367,1.625
131.59758515927984,57.14732286772104,nan,nan,nan,nan,nan,nan,nan,nan,nan,nan,nan,nan,nan,nan,nan
115.25756765922053,51.49771573521415,59.906298003072195,148.2712764070373,0.16960000000000003,0.8320000000000001,2.8956011730205278,1.0016617790811337,2.8972709090583466,0.12,0.5920000000000001,3.9333333333333336,0.4,3.545454545454546,0.304,2.8,1.6666666666666667
119.30114196958003,53.21190283140911,60.84587421395954,151.86260262435505,0.18000000000000002,0.8066666666666666,2.9548712935809713,1.0235418703160637,2.890225822234284,0.12,0.5680000000000001,3.7333333333333334,0.392,3.4545454545454546,0.296,2.6999999999999997,1.5714285714285714
121.5235378588803,56.84030428332791,nan,nan,nan,nan,nan,nan,nan,nan,nan,nan,nan,nan,nan,nan,nan
120.2675527409084,54.31437865718444,nan,nan,nan,nan,nan,nan,nan,nan,nan,nan,nan,nan,nan,nan,nan
116.09489107120179,55.584319165356014,62.23415616246499,153.44195702049964,0.17760000000000004,0.7935999999999999,2.9738025415444773,1.0313782991202345,2.8833052749979133,0.12,0.56,3.666666666666667,0.36,2.75,0.248,1.8181818181818183,1.5714285714285714
114.90868290422834,54.98423738676944,64.84878015875132,157.06884023827305,0.20533333333333334,0.7320000000000001,2.9389051808406648,1.0284294558488105,2.861354026982473,0.128,0.56,3.375,0.376,2.6153846153846154,0.264,2.0,1.375
126.25596573548549,61.286840485703394,69.45243961968761,165.17237022935916,0.168,0.6959999999999998,2.8921472792440537,1.035272075594656,2.793861371305637,0.112,0.52,3.6428571428571432,0.36,3.0909090909090913,0.248,2.1,1.5000000000000002
140.6703332128518,57.74566022253265,73.76098212564376,168.11367004225482,0.16266666666666668,0.652,2.9395568589116974,1.0311990876507005,2.8500803706820244,0.10400000000000001,0.488,3.692307692307692,0.32,2.6363636363636367,0.20800000000000002,1.8888888888888888,1.5000000000000002
117.83582599861282,51.66285451924379,68.54091372439997,172.39920569361695,0.16799999999999998,0.7074285714285713,2.9500069822650468,1.0985197598100824,2.6857841199063226,0.12,0.512,3.266666666666667,0.36,2.75,0.232,1.6363636363636367,1.4285714285714286
127.98178232351354,57.7700821553821,70.52643197511895,171.80981680007366,0.20228571428571426,0.6491428571428572,3.0124284317832704,1.0917469627147047,2.7635971466528195,0.14400000000000002,0.496,2.444444444444444,0.344,1.8666666666666667,0.24000000000000002,1.3076923076923077,0.8
134.23515390702082,56.39024294938798,72.01917361418054,167.5072504922479,0.19542857142857142,0.6377142857142858,2.9840804356933393,1.0480379835218545,2.854242294656987,0.14400000000000002,0.496,2.444444444444444,0.33599999999999997,1.8,0.24000000000000002,1.3076923076923077,1.0
132.11044574911836,52.26293629783036,69.24526577676322,162.57695245151626,0.19999999999999998,0.672,2.8859563375692407,1.01930596285435,2.833878409011333,0.136,0.52,2.8235294117647056,0.328,1.9285714285714286,0.248,1.5833333333333333,1.3333333333333333
134.62590483261206,56.8542596735276,nan,nan,nan,nan,nan,nan,nan,nan,nan,nan,nan,nan,nan,nan,nan
164.3433267882553,58.698115603661336,75.33953728860861,171.31662363084143,0.19199999999999998,0.6060000000000001,2.9753176930596283,1.0458211143695013,2.848232120985469,0.136,0.528,2.8823529411764706,0.36,2.2142857142857144,0.28,1.692307692307692,1.3333333333333333
159.19436927916223,59.04002266355368,70.29293708858731,167.61234822020037,0.20114285714285712,0.6525714285714287,2.941488618907974,1.0526462784527302,2.7957520474589734,0.14400000000000002,0.48800000000000004,2.388888888888889,0.344,1.8666666666666667,0.264,1.5384615384615383,1.222222222222222
173.15543676681,66.94322171489529,73.84343721147017,168.62432522338813,0.20914285714285713,0.6034285714285714,2.802122608574222,1.007052087697249,2.7896038058787767,0.152,0.48,2.1578947368421053,0.328,1.7333333333333336,0.256,1.2857142857142858,1.125
161.2114368032802,59.35285532585824,76.99426359185782,179.21555334431983,0.19199999999999998,0.5988571428571429,2.8325652841781874,1.0552995391705067,2.688344336002518,0.10400000000000001,0.42400000000000004,3.0769230769230766,0.24,2.0,0.184,1.875,3.0000000000000004
148.88970946903908,54.94223701871509,71.3928111953653,163.66474564215216,0.21485714285714286,0.6262857142857143,2.966345482474515,1.0246473956151374,2.8949845502535334,0.14400000000000002,0.48000000000000004,2.333333333333333,0.312,1.6,0.24800000000000003,1.3846153846153846,1.111111111111111
152.07108568615155,56.293472954766784,70.75831566976993,161.95778089022795,0.21142857142857144,0.6365714285714287,2.9579667644183774,1.0171065493646139,2.9084770500606374,0.152,0.504,2.3157894736842106,0.344,1.8666666666666667,0.272,1.4285714285714286,1.3333333333333333
135.3892122365433,52.99335916207045,68.78242287069865,162.1770286555687,0.21066666666666667,0.6693333333333333,2.966601498859563,1.0360052134245683,2.8636689711131162,0.14400000000000002,0.496,2.444444444444444,0.36,2.0,0.272,1.6153846153846154,1.222222222222222
149.78518383926007,55.76595714394567,64.49312326362694,154.80337412019773,0.216,0.7146666666666666,2.9781687846203977,1.0217497556207233,2.915082892194936,0.14400000000000002,0.504,2.4999999999999996,0.344,1.8666666666666667,0.264,1.5384615384615383,1.222222222222222
150.64972364032798,53.99710452432727,68.18557506630901,162.13040575104773,0.20266666666666666,0.6773333333333333,2.9757249918540243,1.040078201368524,2.8626720455400387,0.152,0.512,2.3684210526315788,0.36,1.8125,0.272,1.4285714285714286,1.0
153.4997743404587,55.41113996166719,66.17761217202298,159.46098553328883,0.19599999999999998,0.7106666666666666,2.994134897360704,1.0417073965461061,2.874086994659928,0.152,0.56,2.68421052631579,0.384,2.0,0.296,1.6428571428571428,0.9090909090909092
147.15932735872832,61.00948291076712,81.23838451593022,194.75798373658404,0.186,0.561,2.862414467253177,1.1229227761485827,2.609891681099624,0.136,0.496,2.6470588235294117,0.336,2.230769230769231,0.248,1.5833333333333333,1.25
149.3573099038163,62.87206960082684,81.71671177534911,186.029638666491,0.18666666666666668,0.5506666666666667,2.7738677093515807,1.0599543825350277,2.8058912775641836,0.128,0.488,2.8125,0.336,2.230769230769231,0.232,1.6363636363636367,1.4285714285714286
158.3016335406275,64.6499932595202,83.99480086213673,188.4978097358968,0.17866666666666664,0.5386666666666667,2.878027587705007,1.0727707179320083,2.6892302288773156,0.12,0.464,2.866666666666667,0.28800000000000003,2.0,0.2,1.5,1.1428571428571428
160.66959340253558,64.96910776236258,84.44056872771449,203.9228190344093,0.1982222222222222,0.5182222222222223,2.754534593244271,1.1329423264907137,2.4517296671183426,0.128,0.5920000000000001,3.625,0.32,2.3333333333333335,0.24,1.7272727272727273,1.4285714285714286
150.4064802386716,59.37483515130912,nan,nan,nan,nan,nan,nan,nan,nan,nan,nan,nan,nan,nan,nan,nan
163.46396187819073,60.75642417965012,67.12473492108805,164.1542024970199,0.22666666666666668,0.672,2.8685239491691106,1.0434180514825677,2.752654796095918,0.112,0.44,2.928571428571429,0.28,2.5,0.20800000000000002,1.8888888888888888,2.0
139.68911734882278,54.70255225546502,65.4575069711088,155.1804303591393,0.24685714285714286,0.6754285714285714,2.9608993157380255,1.0143136433459012,2.9216691834321016,0.136,0.48000000000000004,2.5294117647058822,0.336,2.0,0.256,1.4615384615384615,1.111111111111111
138.03330383152317,53.11163155616327,65.67623915372573,158.6513512716654,0.2937142857142857,0.624,2.97318810222036,1.0366568914956011,2.872618747482784,0.136,0.48000000000000004,2.5294117647058822,0.336,2.0,0.24000000000000002,1.5000000000000002,1.222222222222222
132.79477876573023,52.416650408573545,nan,nan,nan,nan,nan,nan,nan,nan,nan,nan,nan,nan,nan,nan,nan
134.9121686174983,52.81019394997979,64.46267527196967,154.36799507695864,0.208,0.7239999999999999,2.9602476376669924,1.0162104920169437,2.913428830452565,0.128,0.488,2.8125,0.328,2.1538461538461537,0.24,1.7272727272727273,1.375
140.919987574072,54.54346018553485,65.91672463858905,156.01773046151436,0.21066666666666667,0.7013333333333334,2.970348647768003,1.0178396871945259,2.9187990332165357,0.112,0.456,3.0714285714285716,0.304,2.4545454545454546,0.22400000000000003,1.8000000000000003,1.8333333333333333
150.01230870225248,56.71213629668829,63.49427068301364,154.6902458681271,0.30533333333333335,0.6426666666666667,2.9736070381231676,1.0283479960899315,2.892068002626692,0.176,0.44,1.5000000000000002,0.32799999999999996,1.1578947368421053,0.28,1.0588235294117647,0.7857142857142857
114.4562777312131,52.60923554585745,67.32016460790045,162.67606722619217,0.17866666666666667,0.7133333333333334,2.9376018246985987,1.043743890518084,2.8154487671901283,0.112,0.48,3.2857142857142856,0.28800000000000003,2.272727272727273,0.21600000000000003,1.7000000000000002,1.5714285714285714
124.79516895996491,52.868806817848785,nan,nan,nan,nan,nan,nan,nan,nan,nan,nan,nan,nan,nan,nan,nan
161.8447814033093,63.57821510420113,65.65332844751647,154.0542189120096,0.2592,0.6592,2.964418377321603,1.0054740957966763,2.9491797591559394,0.16,0.488,2.05,0.34400000000000003,1.5294117647058825,0.28,1.1875,0.9166666666666666
153.61700007619675,60.65594497758895,69.5344517915143,159.8257991176133,0.26399999999999996,0.6093333333333334,2.957966764418378,1.014336917562724,2.9170190886144867,0.12,0.472,2.933333333333333,0.32,2.3333333333333335,0.256,1.9090909090909094,2.0
159.21452895768738,63.59496163787798,66.58287857580683,157.135433291759,0.2651428571428572,0.6422857142857142,2.9724898757156817,1.020388213936601,2.9154303505935935,0.16,0.46399999999999997,1.9,0.312,1.4375,0.256,1.1333333333333335,1.0
163.8750660208831,63.558328595459855,73.10770861298246,165.29791230320356,0.21942857142857145,0.6102857142857143,2.951263789973467,1.0216450216450217,2.8897700336282375,0.16,0.44800000000000006,1.8000000000000003,0.328,1.4117647058823528,0.264,1.2000000000000002,1.0
160.04569198677433,53.99710452432727,71.84412691126245,166.41052213121142,0.2573333333333333,0.5826666666666668,2.950635386119257,1.0371456500488756,2.8489678993495295,0.152,0.472,2.1052631578947367,0.312,1.6,0.248,1.2142857142857144,1.0999999999999999
161.50450114262532,55.0505080107509,72.61116646246425,168.07400480331276,0.25257142857142856,0.5782857142857143,2.952939533584695,1.0421728808825583,2.8354915724620926,0.16,0.43200000000000005,1.7000000000000002,0.29600000000000004,1.3125,0.248,1.0666666666666667,0.8181818181818183
150.69368329122977,60.34194747114782,nan,nan,nan,nan,nan,nan,nan,nan,nan,nan,nan,nan,nan,nan,nan
143.43154896225917,57.173596335784005,nan,nan,nan,nan,nan,nan,nan,nan,nan,nan,nan,nan,nan,nan,nan
145.99162877996014,59.711859141555934,76.03844790512451,169.11169212007718,0.28640000000000004,0.5088,2.939980449657869,1.0210166177908113,2.8828432506480786,0.14400000000000002,0.448,2.1111111111111107,0.296,1.4666666666666666,0.232,1.2307692307692306,0.9000000000000001
165.29479993148806,66.5915445076812,72.49361569526076,165.6302415512536,0.24266666666666667,0.588,2.943629846855653,1.0257412838058,2.870312568604801,0.14400000000000002,0.464,2.222222222222222,0.32,1.6666666666666667,0.24800000000000003,1.3846153846153846,1.0999999999999999
187.83470389756033,79.1127184061989,71.48575945426545,162.1658901566772,0.22399999999999998,0.6171428571428572,2.959223572126798,1.0136154168412232,2.92163605085364,0.152,0.472,2.1052631578947367,0.336,1.625,0.264,1.357142857142857,0.9090909090909092
178.34593184365474,76.43850630967523,73.48441792817383,187.42341026679878,0.21199999999999997,0.606,2.9210654936461387,1.1442448680351907,2.5817727192455426,0.152,0.45599999999999996,2.0,0.32,1.5,0.264,1.357142857142857,1.111111111111111
170.17920558723907,75.48604720680379,72.53189054151191,163.59523132536057,0.21942857142857145,0.6171428571428572,2.9444211702276215,1.0131266582879486,2.908781957206896,0.14400000000000002,0.48800000000000004,2.388888888888889,0.344,1.8666666666666667,0.272,1.4285714285714286,1.2
182.6157164543904,78.17281920358509,67.17506084803966,160.15375957405178,0.216,0.6777142857142857,2.8984778662198023,1.0212959083926825,2.9051334481502558,0.136,0.488,2.5882352941176467,0.304,1.7142857142857142,0.232,1.2307692307692306,0.5
181.66732768956544,81.85286997907521,71.2491324256784,187.5222073478183,0.2342857142857143,0.6114285714285714,2.906996229576874,1.1607317413769027,2.5561308885648435,0.14400000000000002,0.40800000000000003,1.8333333333333333,0.224,1.0,0.168,0.7500000000000001,0.0
190.7995381306012,77.33549251974208,70.93997770745871,163.31447200145254,0.25333333333333335,0.5973333333333334,2.9760508308895406,1.027859237536657,2.8953491076844107,0.16,0.504,2.15,0.336,1.625,0.272,1.2666666666666666,1.0999999999999999
137.20621114048265,56.78935642419825,nan,nan,nan,nan,nan,nan,nan,nan,nan,nan,nan,nan,nan,nan,nan
153.01214784249288,63.155365128860396,73.6554594922656,167.90126970741292,0.19599999999999998,0.6186666666666667,2.9529162593678726,1.0325839035516455,2.8598977354854678,0.136,0.47200000000000003,2.4705882352941178,0.34400000000000003,2.0714285714285716,0.28,1.692307692307692,1.222222222222222
158.37848152294464,66.0957773336225,75.02951601506865,173.4340824411121,0.19314285714285712,0.6068571428571429,2.9460969138388493,1.0550900712191036,2.799842075174927,0.136,0.47200000000000003,2.4705882352941178,0.328,2.1538461538461537,0.256,1.6666666666666667,1.375
155.26548698501267,65.85155705083494,79.50589429194913,180.28258907941236,0.20133333333333334,0.5653333333333334,2.9327142391658523,1.0656565656565655,2.755621655214915,0.128,0.432,2.375,0.29600000000000004,1.846153846153846,0.216,1.4545454545454546,1.125
154.2104553633705,64.86979151402899,74.24069879768957,169.19484506602703,0.21714285714285714,0.5954285714285714,2.931294511939673,1.032956291020807,2.8387756547364744,0.128,0.448,2.5,0.31200000000000006,2.0,0.24,1.7272727272727273,1.4285714285714286
139.06228528966807,55.06678936293674,73.97550600152769,166.81361489044758,0.19542857142857142,0.616,2.9775171065493646,1.0279290601871247,2.8967886709468376,0.128,0.47200000000000003,2.6875,0.32,2.0769230769230766,0.24,1.7272727272727273,1.25
144.59143249197817,56.07786133367719,75.50346986864167,167.78696387249212,0.17599999999999996,0.6200000000000001,2.974095796676442,1.0227272727272727,2.908938375725482,0.12,0.464,2.866666666666667,0.30400000000000005,2.166666666666667,0.224,1.5454545454545456,1.25
135.57156338102467,52.685641605758136,77.22912193813795,170.81146055192144,0.177,0.6,2.9510019550342133,1.025537634408602,2.8789202013761095,0.128,0.47200000000000003,2.6875,0.31200000000000006,2.0,0.224,1.5454545454545456,1.25
146.40843139591755,55.50638587195433,75.1103681796751,168.73748074835362,0.1771428571428571,0.6217142857142858,2.9775171065493646,1.0318391286133222,2.8864512871097716,0.12,0.48,3.0,0.33599999999999997,2.5,0.256,1.9090909090909094,1.5714285714285714
124.65003233476546,54.90560397629696,79.61165582426447,180.62503201398204,0.19085714285714284,0.5691428571428572,2.9136992040217846,1.0610249965088674,2.752849844064951,0.128,0.48,2.75,0.336,2.230769230769231,0.24,1.7272727272727273,1.2857142857142858
138.39800612048592,58.24816558004923,79.08628057345717,180.95665799212387,0.17999999999999997,0.583,2.803885630498534,1.0439882697947214,2.6874940344711487,0.10400000000000001,0.44000000000000006,3.230769230769231,0.248,2.1,0.184,1.875,2.0
146.08931689307514,60.59919283568403,74.92458044319747,166.77540179980195,0.19999999999999998,0.6022857142857143,2.9424661360145232,1.0151515151515151,2.8986664709621865,0.136,0.464,2.411764705882353,0.31200000000000006,2.0,0.24000000000000002,1.5000000000000002,1.222222222222222
155.057085677034,63.851392934804906,74.9599344378288,174.00154015453387,0.20114285714285712,0.6011428571428572,2.824605502024857,1.0362379555927943,2.727446085991526,0.12,0.44,2.666666666666667,0.28800000000000003,2.272727272727273,0.2,1.7777777777777777,1.8000000000000003
151.3384248377889,65.78317537165442,81.45735106753811,177.35736687717548,0.19999999999999998,0.543,2.9385386119257086,1.0353128054740957,2.8388750984383924,0.136,0.448,2.2941176470588234,0.312,1.7857142857142858,0.24000000000000002,1.5000000000000002,1.111111111111111
154.46835198199412,65.26868464258199,80.42982614619679,176.542827457941,0.18799999999999997,0.566,2.929863147605083,1.0364125122189638,2.827983162627363,0.128,0.44,2.4375,0.30400000000000005,1.923076923076923,0.232,1.4166666666666667,1.0
148.12643967856704,60.87923209328043,76.26535589442774,172.98080725484846,0.18599999999999997,0.602,2.8769550342130987,1.0306695992179864,2.8068030437953273,0.112,0.46399999999999997,3.142857142857143,0.312,2.545454545454546,0.21600000000000003,2.0,2.5
151.42634413959243,62.44224190312074,79.53099196721645,176.91946111000496,0.1862857142857143,0.5897142857142857,2.929339477726575,1.0398687334171204,2.830510912478847,0.112,0.472,3.214285714285714,0.304,2.4545454545454546,0.21600000000000003,2.0,1.6666666666666667
147.5416135080518,60.40056033901683,76.6615424341243,168.41437652811365,0.18666666666666668,0.6066666666666667,2.9281524926686218,1.0124633431085044,2.8939614282601496,0.12,0.448,2.7333333333333334,0.28800000000000003,2.0,0.216,1.4545454545454546,1.25
147.69140194816148,60.70827789532914,77.74640268904939,173.52728441491175,0.17866666666666664,0.5973333333333334,2.8774845226458137,1.0263115021179539,2.8100464515279193,0.12,0.44,2.666666666666667,0.264,2.0,0.20800000000000002,1.6,1.5000000000000002
145.02126018968428,59.74116557549044,75.15134610208263,165.8199183258225,0.19885714285714284,0.608,2.961876832844575,1.0113810920262534,2.930249045660124,0.12,0.464,2.866666666666667,0.32,2.3333333333333335,0.23199999999999998,1.9,1.5714285714285714
148.36870619909232,63.03813939312237,80.13192140637706,173.69789860913633,0.17733333333333332,0.5800000000000001,2.9379276637341154,1.0231345715216682,2.8745186744118243,0.128,0.464,2.625,0.30400000000000005,1.923076923076923,0.24000000000000002,1.5000000000000002,1.222222222222222
154.60772035670487,64.03455814689556,71.09684685446078,162.34657830843668,0.18285714285714283,0.6617142857142858,2.985895824605502,1.021924312246893,2.9225278805130475,0.12,0.40800000000000003,2.4000000000000004,0.28,1.9166666666666665,0.24,1.7272727272727273,1.5
144.49537251408174,60.58372555110749,nan,nan,nan,nan,nan,nan,nan,nan,nan,nan,nan,nan,nan,nan,nan
141.58263860803558,57.968126322452825,nan,nan,nan,nan,nan,nan,nan,nan,nan,nan,nan,nan,nan,nan,nan
146.92047992216212,58.88918567468016,77.03818353923096,175.55708155486576,0.184,0.6144000000000001,2.8613880742913,1.0394916911045944,2.754706963648875,0.112,0.424,2.7857142857142856,0.256,1.9090909090909094,0.21600000000000003,1.7000000000000002,1.4285714285714286
133.16843579839517,54.62719285391915,nan,nan,nan,nan,nan,nan,nan,nan,nan,nan,nan,nan,nan,nan,nan
142.2973899689938,55.27193440047829,nan,nan,nan,nan,nan,nan,nan,nan,nan,nan,nan,nan,nan,nan,nan
146.21305516968752,59.711859141555934,nan,nan,nan,nan,nan,nan,nan,nan,nan,nan,nan,nan,nan,nan,nan
131.02906612117624,55.481266071439045,nan,nan,nan,nan,nan,nan,nan,nan,nan,nan,nan,nan,nan,nan,nan
127.18259666727234,54.011757741294524,nan,nan,nan,nan,nan,nan,nan,nan,nan,nan,nan,nan,nan,nan,nan
125.07334749159719,54.7517451981408,nan,nan,nan,nan,nan,nan,nan,nan,nan,nan,nan,nan,nan,nan,nan
133.87911682130695,57.887533629132946,nan,nan,nan,nan,nan,nan,nan,nan,nan,nan,nan,nan,nan,nan,nan
143.8034150461837,61.19183405524849,nan,nan,nan,nan,nan,nan,nan,nan,nan,nan,nan,nan,nan,nan,nan
147.29413695482708,61.39279245937082,72.64473143334699,175.67965043660783,0.24266666666666667,0.596,2.893124796350603,1.075187357445422,2.7181703631988507,0.128,0.448,2.5,0.28800000000000003,1.769230769230769,0.216,1.4545454545454546,1.6
148.5445448026993,62.532603407752134,76.99144437122364,176.6227787483975,0.22171428571428572,0.5622857142857144,2.8912163105711493,1.050761066890099,2.753223222887424,0.152,0.44799999999999995,1.9473684210526316,0.312,1.4375,0.24,1.1428571428571428,0.8181818181818183
148.87017184641607,60.994015626190574,nan,nan,nan,nan,nan,nan,nan,nan,nan,nan,nan,nan,nan,nan,nan
148.85063422379304,62.72309522832643,69.4949357711374,166.74929917121634,0.208,0.6920000000000001,2.9121863799283148,1.0527859237536656,2.766346152577182,0.136,0.464,2.411764705882353,0.312,1.7857142857142858,0.232,1.4166666666666667,1.25
150.09452953079096,62.83299435558082,nan,nan,nan,nan,nan,nan,nan,nan,nan,nan,nan,nan,nan,nan,nan
178.09194274955567,72.24768625704087,69.87877864103,185.28970089941384,0.27771428571428575,0.5908571428571429,3.111855886049434,1.1989945538332634,2.6090359448005045,0.20800000000000002,0.48800000000000004,1.3461538461538463,0.312,0.95,0.256,0.7777777777777777,0.4666666666666667
180.3811008668843,72.4748111200333,67.76540232952708,159.3197877252403,0.2333333333333333,0.6533333333333334,2.964809384164223,1.0234604105571847,2.897648805081507,0.168,0.536,2.1904761904761902,0.368,1.7058823529411764,0.312,1.4375,1.0999999999999999
135.81903993424942,56.83250200749073,69.34218998228961,161.5267932420201,0.2434285714285714,0.6274285714285714,2.9599217986314765,1.0260438486244936,2.8853054872662534,0.176,0.536,2.0454545454545454,0.392,1.5789473684210527,0.312,1.2941176470588234,0.9166666666666666
133.82050395343794,60.49685290765877,66.79950615425363,189.82229292091623,0.23428571428571426,0.664,2.81748359167714,1.1973886328725036,2.4444869033083294,0.152,0.504,2.3157894736842106,0.28800000000000003,1.769230769230769,0.184,1.5555555555555554,0.0
134.06960864188125,59.93898400454836,66.66798356510746,157.31607640674642,0.23866666666666667,0.6613333333333334,2.951938742261323,1.0167807103290976,2.905363330760901,0.168,0.528,2.142857142857143,0.384,1.6666666666666665,0.312,1.4375,1.090909090909091
130.80194125818383,58.403536198051206,65.87970346537485,165.31167875714826,0.23866666666666667,0.6733333333333333,2.94949494949495,1.0753502769631804,2.7546664313971885,0.168,0.504,2.0,0.352,1.588235294117647,0.272,1.2666666666666666,1.0
129.75423624502525,57.892766920906965,68.78088907791877,171.0086855888414,0.2912,0.5952000000000001,2.8570869990224828,1.0714565004887586,2.6685415212762598,0.16,0.46399999999999997,1.9,0.28800000000000003,1.25,0.24,1.0,0.8181818181818183
124.5450176131668,55.997268640357305,nan,nan,nan,nan,nan,nan,nan,nan,nan,nan,nan,nan,nan,nan,nan
124.1567073635346,55.43939973724689,nan,nan,nan,nan,nan,nan,nan,nan,nan,nan,nan,nan,nan,nan,nan
124.27393309927263,55.196574998932405,66.87572290761594,159.97275701018614,0.2976,0.6192,2.93900293255132,1.0325513196480938,2.869870208497604,0.152,0.48,2.1578947368421053,0.33599999999999997,1.8,0.264,1.357142857142857,1.111111111111111
124.33091783192305,56.033901682775436,65.90191260383114,162.28650623563234,0.25866666666666666,0.6573333333333333,2.9437927663734116,1.0541707396546105,2.7985081992189387,0.136,0.47200000000000003,2.4705882352941178,0.32,1.8571428571428572,0.24000000000000002,1.3076923076923077,1.111111111111111
126.37666973407342,56.61165709462713,66.30038159730873,158.73448199704006,0.28,0.6293333333333334,2.919028999674161,1.023541870316064,2.873163606152577,0.152,0.52,2.4210526315789473,0.296,1.4666666666666666,0.248,1.2142857142857144,1.0
129.81284911289424,58.920585425324276,nan,nan,nan,nan,nan,nan,nan,nan,nan,nan,nan,nan,nan,nan,nan
133.95970951462684,60.17866876779842,nan,nan,nan,nan,nan,nan,nan,nan,nan,nan,nan,nan,nan,nan,nan
128.91900287789184,58.721720337911556,72.15547203571198,166.0735619781574,0.2285714285714286,0.6114285714285715,2.923055439184471,1.0270213657310432,2.85086604123223,0.16,0.488,2.05,0.336,1.625,0.264,1.2000000000000002,1.0
135.84997450340248,59.592540089108304,67.45623516546728,162.96579308811343,0.2653333333333333,0.6266666666666666,2.950798305637015,1.0481427174975562,2.8209078881800367,0.16,0.472,1.95,0.328,1.5625,0.256,1.1333333333333335,0.8181818181818183
